word_title,count
grow,20
Water,20
performs,20
15,20
Remains,20
demonstration,20
Astranis,20
Gap,20
deployment,20
legal,20
Networks,20
Against,20
Africa,20
optimistic,20
Don’t,20
Blog,20
B,20
receives,20
building,20
18,20
Gen.,20
Challenge,20
Seek,20
nears,20
Vandenberg,20
protest,20
Bezos,20
Download,20
bigger,20
Conference,20
target,20
About,20
"Manager,",20
Seeking,20
raise,20
2011,20
$50,20
beyond,20
X-37B,20
Looking,20
our,20
Joint,20
announce,20
Leaves,20
compete,20
ICBM,20
Upper,20
ITU,20
Fall,20
Letter,20
closes,20
Ban,20
decadal,20
Glenn,20
[The,20
price,20
Sept.,20
Firms,20
hardware,20
files,20
Ursa,20
Wants,20
LightSquared,20
Redirect,20
Images,20
Thuraya,20
Challenges,20
highlights,20
Australia,20
last,20
Successfully,20
electric,20
Sharing,20
Ares,20
operator,20
taking,19
slow,19
Enters,19
robotic,19
debate,19
reusability,19
criticizes,19
Eumetsat,19
Jupiter,19
ways,19
own,19
January,19
Facility,19
remain,19
stay,19
Vector,19
soon,19
SSA,19
Company,19
Sats,19
battle,19
solid,19
Guiana,19
Internet,19
Venus,19
your,19
Partnership,19
Under,19
Who,19
Safran,19
Planning,19
life,19
Touts,19
starts,19
Proposal,19
antennas,19
hosted,19
going,19
Interceptor,19
Host,19
on-orbit,19
Yahsat,19
Clyde,19
Congressional,19
Gives,19
while,19
FCC’s,19
Fund,19
teams,19
expanding,19
Selects,19
Late,19
Industries,19
resume,19
secretary,19
quantum,19
Supply,19
Slated,19
vision,19
do,19
geostationary,19
orbits,19
postpones,19
architecture,19
Canyon,19
sensor,19
20,19
Start,19
Studies,19
chairman,19
run,19
Investors,19
good,19
"Space,",19
12,19
hypersonic,19
Search,19
America’s,19
"launch,",19
Force:,19
XCOR,19
Pentagon’s,19
2010,19
ispace,19
in-space,19
risk,19
Price,19
